{
    "type": "blockSignal",
    "name": "Block Straight Unisolated",
    "directionFrom": "Left",
    "directionTo": "Right",
    "model": "mainpack/blockstraightunisolated/blockstraightunisolated.obj",
    "block": {
        "rotation": [
            0,
            0,
            0
        ],
        "translation": [
            0,
            0,
            0
        ],
        "modes": {
            "Off": "off",
            "White": "white"
        }
    },
    "item": {
        "rotation": [
            0,
            0,
            0
        ],
        "translation": [
            0,
            0,
            0
        ],
        "model": "mainpack/blockstraightunisolated/blockstraightunisolated.obj",
        "mode": "white"
    }
}