{
    "type": "blockFiller",
    "name": "Block Filler",
    "model": "mainpack/fillers/blockfiller/filler.obj",
    "block": {
        "rotation": [
            0,
            0,
            0
        ],
        "translation": [
            0.5,
            0.5,
            0.5
        ]
    },
    "item": {
        "rotation": [
            15,
            195,
            0
        ],
        "translation": [
            0.5,
            0.5,
            0.5
        ],
        "scale": 0.7,
        "model": "mainpack/fillers/blockfiller/filler.obj"
    }
}